vibration_mm_s,cutting_force_n,tool_temp_c,energy_kwh
4.45,127.78,50.37,2.21
4.13,114.49,54.56,2.13
4.52,111.82,56.35,2.08
4.96,119.97,65.55,2.48
4.08,118.3,60.23,2.36
8.47,173.13,88.35,3.9
4.99,126.96,59.94,2.54
4.58,129.55,51.81,2.45
3.97,120.88,62.33,2.53
4.47,134.78,56.12,2.39
3.97,108.58,57.63,2.16
3.97,118.06,63.3,2.61
4.32,112.83,52.85,2.28
3.24,101.33,52.41,2.21
3.34,119.17,55.67,2.36
3.92,118.78,62.15,2.22
8.88,175.2,90.81,3.12
4.36,126.31,46.67,2.47
3.75,109.76,56.2,2.47
8.28,166.47,81.67,3.57
4.93,132.21,62.8,2.3
4.09,125.82,56.15,2.61
4.23,117.74,56.35,2.5
3.49,110.41,62.62,2.82
3.93,116.28,50.52,2.64
4.26,130.89,56.45,2.63
3.62,138.85,58.76,2.12
4.39,135.43,59.8,2.55
3.9,115.11,55.96,2.39
4.05,108.8,58.14,2.29
3.9,121.41,48.05,2.43
5.13,102.32,55.37,2.59
4.19,123.23,59.81,2.5
3.67,118.52,54.07,2.22
4.61,115.34,58.24,2.55
3.59,104.05,59.79,2.27
4.3,125.14,56.63,2.44
3.22,114.67,58.68,2.34
3.54,108.3,54.15,2.36
4.3,91.28,57.17,2.55
4.57,119.72,60.44,2.19
4.29,137.72,58.63,2.79
4.14,136.61,55.65,2.04
4.05,115.43,58.9,2.28
3.46,113.98,60.86,2.47
8.06,182.7,82.69,3.82
3.97,110.02,62.64,2.38
4.73,123.02,56.65,2.39
4.37,127.66,59.7,2.48
8.38,169.65,78.06,3.61
4.36,119.0,52.51,2.68
4.01,117.96,55.16,2.57
3.86,111.22,56.85,2.57
4.51,111.73,54.86,2.21
4.72,117.74,64.94,2.38
4.67,123.67,54.57,2.34
3.78,129.14,55.78,2.2
4.05,111.97,58.82,2.47
4.37,134.93,53.19,2.29
4.69,117.29,56.42,2.53
3.96,119.79,59.27,2.19
4.11,112.53,56.67,2.74
3.65,95.76,57.63,2.22
3.6,128.84,55.88,2.44
4.61,127.37,51.94,2.56
4.88,117.19,59.29,2.29
4.16,120.67,65.02,2.57
4.7,125.16,58.07,2.15
4.38,104.37,58.9,2.69
3.88,114.71,60.77,2.4
4.38,127.94,52.92,2.28
4.97,107.46,64.81,2.34
4.18,122.94,58.81,2.56
4.98,106.43,64.53,2.28
2.89,124.66,55.07,2.25
4.61,119.64,65.27,2.36
4.24,103.85,61.1,2.16
4.05,131.65,60.21,2.76
8.62,164.48,74.64,3.68
3.21,111.9,57.01,2.57
4.09,122.01,62.8,2.44
4.38,131.49,58.56,2.2
4.94,109.84,50.13,2.4
3.94,120.62,53.53,2.56
3.8,124.29,57.26,2.36
3.95,126.93,59.24,2.64
4.66,121.76,57.77,2.6
4.36,116.33,62.88,2.58
3.94,111.72,50.2,2.31
4.46,120.86,58.57,2.18
4.25,109.28,50.73,2.28
4.68,90.79,61.04,2.44
3.85,124.37,57.62,2.51
4.04,129.04,59.68,1.97
4.0,96.37,54.54,2.4
3.47,109.9,63.12,2.43
4.35,126.19,62.17,2.34
4.33,140.57,60.33,2.66
4.2,120.21,57.48,2.48
4.08,112.72,60.32,2.66
3.49,118.17,55.17,2.36
3.99,133.75,61.42,2.59
4.03,113.54,64.6,2.73
3.8,112.01,62.28,2.66
4.12,115.17,55.08,2.18
4.4,110.47,59.45,2.35
5.14,121.23,52.83,2.33
4.29,136.25,60.29,2.5
4.33,123.23,59.8,2.54
4.16,117.48,50.52,2.23
3.24,117.08,53.35,2.41
4.19,104.37,56.87,2.0
4.23,128.83,56.8,2.69
5.43,119.22,53.16,2.3
4.1,118.2,59.56,2.41
4.35,151.93,59.01,2.34
4.18,122.99,57.22,2.63
3.62,112.48,54.98,1.83
4.77,115.74,62.19,2.4
4.58,131.48,64.62,2.38
4.6,121.13,56.07,2.31
3.75,105.62,55.55,2.75
4.9,129.19,59.96,2.22
8.97,174.82,85.7,3.54
4.49,138.73,57.44,2.47
5.3,130.8,60.96,2.65
3.7,115.53,50.36,2.27
3.92,132.81,63.27,2.25
4.25,120.68,58.29,2.62
3.95,128.53,56.35,2.49
3.42,124.85,57.64,2.09
4.23,111.54,57.85,2.29
3.67,113.56,51.08,2.48
4.44,130.3,63.98,2.57
3.74,116.65,58.17,2.26
4.97,115.96,59.77,1.82
3.81,110.45,61.81,2.5
4.04,124.24,53.92,2.16
4.61,140.63,59.89,2.0
3.58,109.32,56.93,1.83
4.31,120.24,61.39,2.56
4.85,134.12,49.49,2.43
3.4,119.2,57.6,2.35
4.29,124.52,55.59,2.68
4.33,109.38,59.73,2.53
4.59,124.28,59.88,2.72
8.49,169.95,72.52,3.79
3.54,129.86,55.15,2.39
4.46,131.87,57.56,2.08
4.35,145.9,54.41,2.35
4.33,125.8,61.37,2.35
4.37,123.26,56.52,2.53
3.86,121.94,46.37,2.41
4.32,116.47,56.5,2.52
4.35,123.38,53.85,2.54
3.84,117.05,51.47,2.83
5.13,121.68,53.05,2.34
4.44,133.18,58.44,2.21
3.6,109.93,63.31,2.45
4.53,131.4,59.25,2.24
3.71,133.17,55.57,2.7
4.59,118.82,59.82,2.34
4.78,98.78,56.16,2.29
3.79,113.92,55.22,2.31
4.68,132.97,53.38,2.54
4.41,119.77,50.99,2.37
4.61,110.01,56.44,2.27
5.15,114.95,58.63,2.73
4.08,128.41,57.61,2.23
3.82,125.47,56.34,2.41
3.76,117.61,54.22,2.53
3.79,116.33,60.43,2.07
4.16,116.08,52.73,2.5
4.37,110.78,61.1,2.19
4.34,136.15,53.99,2.56
4.61,116.78,54.99,2.21
4.21,132.17,52.13,2.54
4.93,135.21,55.99,2.62
4.07,129.98,61.9,2.57
5.56,115.68,60.06,2.45
4.51,124.04,61.91,2.35
3.77,119.76,60.09,2.28
3.66,110.96,53.59,2.69
4.44,123.24,56.68,2.26
4.09,108.21,54.88,2.19
4.56,131.88,63.32,2.53
4.44,115.35,53.21,2.24
4.16,122.01,61.57,2.21
3.78,122.83,61.57,2.11
3.44,117.41,65.32,2.3
3.98,125.87,56.36,2.38
4.63,115.25,60.85,2.45
8.18,185.4,79.88,3.26
3.58,106.54,55.53,2.51
4.29,121.26,51.86,2.36
4.39,139.39,50.48,2.36
3.76,110.0,60.85,2.5
4.28,113.22,50.47,2.65
8.17,183.93,92.34,3.41
3.63,121.8,59.75,2.31
4.38,123.51,58.74,2.2
4.48,124.89,59.7,2.11
8.57,175.78,94.63,3.81
4.73,131.1,63.12,2.52
3.51,124.1,54.19,2.52
3.73,117.59,55.29,2.37
4.46,126.73,54.91,2.68
4.46,139.0,61.32,2.3
4.46,118.67,61.6,2.59
6.13,110.25,59.8,2.39
4.49,131.07,62.73,2.28
4.77,118.8,53.29,2.52
4.68,98.27,64.67,2.48
4.53,128.47,64.09,2.47
4.04,114.65,60.94,2.42
4.58,119.09,65.13,2.39
3.81,123.32,51.37,2.88
4.08,121.9,55.9,2.64
3.96,127.09,55.06,2.54
4.24,115.65,60.89,2.42
5.36,125.13,53.8,2.6
3.27,117.4,61.03,2.5
4.54,127.39,63.48,2.41
3.39,126.15,60.78,2.34
3.96,110.65,59.14,2.38
4.74,130.86,54.05,1.77
4.23,114.64,54.61,2.44
3.66,128.08,63.0,2.3
3.84,123.67,61.12,2.72
4.54,138.38,57.84,2.4
3.83,117.77,56.33,2.16
4.31,116.51,49.9,2.39
4.22,119.81,53.72,2.19
3.87,116.97,65.65,2.49
5.27,128.0,52.88,2.46
4.52,103.84,58.76,2.59
3.19,109.46,62.03,2.24
4.29,109.32,52.98,2.41
3.87,129.5,58.74,2.13
4.63,137.11,61.75,2.54
3.8,118.96,58.05,2.5
4.14,118.31,69.47,2.5
4.45,120.7,51.33,2.4
4.63,131.62,62.23,2.48
3.6,110.73,57.31,2.72
4.03,122.38,61.09,2.34
3.96,129.75,59.77,2.43
3.87,125.01,55.07,2.18
5.08,121.9,58.92,2.23
4.4,130.01,50.57,2.42
3.57,92.97,60.41,2.62
4.66,126.78,59.19,2.35
5.26,113.46,60.55,2.35
4.72,101.69,62.23,2.32
3.44,125.11,59.47,2.29
3.96,133.74,58.59,2.46
4.83,118.63,54.48,2.1
3.85,129.53,55.15,2.66
4.42,136.12,62.75,2.27
4.59,133.15,63.75,2.54
9.22,178.99,79.41,4.09
4.17,127.42,58.18,2.53
2.58,120.75,54.38,2.53
3.69,103.98,62.69,2.48
4.07,117.54,60.66,2.2
3.58,111.57,65.76,2.45
5.02,141.71,54.49,2.16
3.48,118.24,56.49,2.35
3.98,121.23,58.93,2.61
4.27,125.51,60.59,2.56
4.92,120.44,57.14,2.4
3.48,136.95,54.51,2.21
4.78,113.77,61.53,2.53
4.21,121.95,60.88,2.4
3.71,112.58,54.33,1.94
4.43,106.8,63.42,2.56
4.3,113.88,62.68,2.4
3.9,119.63,58.54,2.64
4.23,115.71,58.32,2.18
4.01,113.08,60.22,1.76
4.26,105.94,54.55,2.46
4.53,119.17,58.12,2.46
4.99,104.95,49.39,2.06
3.58,127.6,61.51,2.2
8.72,184.37,86.86,3.66
3.22,105.42,64.01,2.34
8.5,164.59,83.15,3.96
4.49,112.48,57.15,2.27
4.34,123.19,55.49,1.98
3.89,133.4,56.85,2.37
4.1,101.25,63.67,2.35
3.95,121.15,48.05,2.32
3.91,118.4,63.11,2.38
4.62,126.71,59.35,2.45
4.38,122.13,53.17,2.37
8.05,190.3,84.44,3.56
4.65,116.81,64.71,2.5
4.35,112.04,54.22,2.01
4.61,130.76,53.39,1.99
4.51,120.21,62.55,2.55
3.79,139.01,59.35,2.5
3.92,119.39,54.25,2.39
4.57,112.92,58.87,2.12
4.51,104.86,53.9,2.26
4.19,101.97,62.4,2.35
4.26,104.16,62.25,2.08
4.84,122.67,60.13,2.25
3.9,125.09,59.45,2.53
4.47,104.19,65.04,2.69
4.1,128.95,58.0,2.32
4.09,115.17,53.27,2.55
4.75,121.47,59.8,2.02
4.61,136.12,66.34,2.53
4.61,128.97,53.94,2.24
4.85,117.31,56.55,2.46
4.21,111.09,59.67,2.35
4.54,98.48,57.78,2.66
4.04,112.81,54.07,2.23
4.36,117.89,62.49,2.53
4.13,110.13,67.28,2.34
4.25,118.69,58.78,2.37
4.5,120.77,54.38,2.36
3.79,117.75,51.8,2.23
5.25,113.5,59.03,2.4
3.7,121.69,62.42,2.39
3.59,124.42,59.9,2.45
4.78,109.1,57.99,2.42
9.52,182.57,83.77,3.71
9.24,186.57,85.19,3.74
4.51,120.19,61.34,2.19
4.19,127.08,61.66,2.57
3.75,122.33,51.82,2.16
4.24,129.53,64.36,2.52
3.86,122.87,60.3,2.52
8.68,174.53,75.87,3.45
4.13,123.62,52.63,2.42
3.79,108.56,52.54,2.31
4.04,121.09,57.4,2.25
4.41,119.67,60.01,2.67
3.92,117.92,65.19,2.27
3.79,118.71,60.82,2.24
4.32,101.18,57.03,2.42
4.32,114.51,53.89,2.54
3.95,120.93,62.92,2.37
3.96,121.6,54.14,2.63
4.32,109.72,64.51,2.51
3.48,132.66,56.86,1.96
3.5,111.34,64.36,2.29
3.84,129.69,60.72,2.29
4.09,124.27,57.45,2.5
8.48,175.76,81.81,3.12
4.94,137.75,56.64,2.91
4.63,108.06,59.71,2.51
4.12,129.19,58.31,2.43
4.19,130.01,55.62,2.64
3.7,113.29,57.34,2.87
4.19,133.92,58.31,2.57
4.06,117.5,49.49,2.59
4.36,122.89,59.83,2.43
3.79,122.6,54.08,2.37
4.46,118.66,53.39,2.3
4.97,128.11,51.25,2.23
4.15,127.93,50.82,2.26
4.4,102.51,52.58,2.13
4.55,133.04,55.16,2.38
4.0,103.38,65.81,2.06
4.31,130.33,55.9,2.44
4.21,131.27,58.71,2.39
4.25,109.09,59.6,2.43
3.81,115.89,58.52,2.3
4.21,108.94,57.69,3.02
4.45,117.85,53.22,2.67
4.93,116.92,63.8,2.15
8.86,182.03,93.66,3.61
5.28,133.1,51.27,2.28
3.82,133.96,53.9,2.2
4.64,114.38,56.88,2.13
4.29,117.91,54.14,2.49
5.29,103.17,60.02,2.26
3.8,111.94,55.09,2.59
3.78,129.65,66.66,2.6
3.9,136.16,62.76,2.67
8.93,174.54,86.42,4.11
7.97,160.65,85.33,3.9
3.82,119.74,62.42,2.53
4.28,122.8,55.74,2.31
4.37,111.9,54.74,2.25
5.14,124.24,58.31,2.72
4.68,115.26,61.45,2.45
3.91,119.86,58.56,2.53
3.75,125.46,51.69,2.24
4.45,120.06,54.79,2.16
3.54,115.64,57.7,2.29
5.12,118.9,57.7,2.38
4.79,119.12,65.89,2.19
3.97,116.3,52.46,2.4
3.34,117.41,60.02,2.06
4.88,135.99,63.96,2.18
4.14,125.61,67.09,2.53
4.82,117.05,56.38,2.52
3.4,126.97,59.97,2.32
7.99,179.7,79.37,2.73
4.2,131.73,58.78,2.19
4.22,123.7,57.6,2.33
3.97,118.93,59.74,2.53
4.51,124.48,47.87,2.59
3.67,104.29,60.73,2.3
4.13,108.73,58.5,2.17
4.26,108.06,57.11,2.45
4.46,121.43,66.19,2.24
4.56,137.33,55.3,2.3
3.64,142.31,56.39,2.67
3.43,126.38,65.97,2.57
4.84,125.01,54.67,2.43
4.37,101.99,55.8,2.15
3.83,114.57,57.41,2.44
4.98,112.12,61.36,2.61
4.26,113.79,58.83,2.32
4.79,118.32,52.83,2.67
4.23,115.28,55.87,2.66
5.23,100.21,55.57,2.73
5.08,127.48,57.69,2.46
4.08,109.27,59.7,2.52
4.69,122.39,59.67,2.68
4.52,140.74,50.9,2.49
4.88,110.81,62.26,2.3
3.72,94.7,59.01,2.31
4.54,117.14,63.54,2.45
4.73,131.01,59.78,2.14
9.2,183.59,94.63,3.2
3.61,107.7,59.87,2.62
3.18,124.97,63.38,1.96
4.07,115.35,60.09,2.71
4.56,118.94,57.61,2.62
4.95,146.44,67.09,2.31
4.24,104.97,61.56,2.51
5.01,122.54,60.29,2.4
3.51,124.68,52.89,2.65
3.35,130.86,52.85,2.6
4.17,120.98,59.17,2.12
4.39,123.08,58.58,2.52
4.18,116.08,55.54,2.36
3.17,122.69,58.56,2.42
4.16,116.57,64.35,2.25
3.55,126.22,60.78,2.75
4.53,116.3,53.44,2.61
4.38,123.77,57.55,2.25
3.73,119.71,54.78,2.13
3.94,131.26,56.45,2.32
3.67,119.49,56.35,2.49
4.17,102.27,56.09,2.45
4.68,132.62,52.98,2.65
3.71,110.94,57.49,2.56
4.45,113.46,55.76,2.59
3.93,114.04,46.28,2.47
3.8,133.74,66.21,2.12
4.15,98.64,62.36,2.36
3.68,151.38,56.49,2.61
3.92,130.56,58.08,2.39
3.6,122.23,53.31,2.5
5.18,119.45,64.78,2.34
4.22,122.86,65.59,2.19
3.85,125.21,58.63,2.38
4.31,126.45,62.09,2.46
4.14,125.56,58.7,2.27
4.09,120.9,52.65,2.35
4.51,118.03,56.35,2.21
4.58,118.49,58.53,2.62
3.93,118.05,56.18,2.34
3.91,131.34,57.13,2.69
4.06,125.94,57.63,2.71
3.05,90.6,57.68,2.38
3.44,126.56,58.21,2.2
4.88,121.95,53.76,1.98
5.02,119.81,55.13,2.11
4.08,116.11,52.86,2.13
4.49,131.24,61.91,2.68
4.36,129.48,49.58,2.42
5.74,112.27,62.61,2.48
4.76,124.07,63.55,1.96
4.14,110.28,56.79,2.16
3.72,106.2,47.59,2.58
3.4,113.73,56.55,2.46
4.3,128.62,57.74,2.37
3.82,129.53,53.96,2.51
3.49,125.13,55.94,2.73
3.88,127.25,64.12,2.36
3.66,125.16,60.66,2.41
5.04,113.59,54.3,2.44
4.64,124.32,51.61,2.88
4.2,128.0,56.69,1.98
4.94,127.54,57.15,2.54
4.24,131.89,59.98,2.38
3.77,127.08,55.86,2.51
4.96,123.51,60.05,2.27
4.47,130.7,65.74,2.39
3.68,119.73,61.26,2.54
4.1,111.18,57.81,3.02
3.76,118.37,57.27,2.56
3.51,112.55,56.57,2.23
4.66,113.25,62.72,2.32
5.15,118.55,55.49,2.31
3.5,112.08,58.18,2.04
8.25,172.26,71.29,3.42
3.87,101.06,55.99,2.55
3.96,122.13,52.51,2.15
3.9,120.01,59.29,2.61
3.77,111.83,57.76,2.5
4.22,126.59,60.0,2.25
3.78,129.38,55.87,2.37
4.34,103.92,62.88,2.72
4.17,112.37,54.49,2.55
4.08,112.31,64.85,2.4
3.75,110.6,51.01,2.35
3.91,128.29,59.74,2.42
4.58,118.06,59.9,2.3
4.45,117.35,54.82,1.98
3.71,99.96,59.7,2.81
4.25,126.35,63.12,2.43
4.58,107.61,49.13,2.48
3.37,120.6,60.01,2.39
4.47,122.77,48.03,2.25
8.21,163.28,78.24,3.73
4.49,106.91,64.52,2.08
3.82,89.8,55.67,2.86
3.3,121.84,53.3,2.15
3.39,138.01,57.21,2.19
4.22,132.39,66.27,2.31
4.33,122.1,50.67,2.66
3.75,115.08,53.79,2.4
4.52,128.07,63.99,2.15
3.37,110.26,65.43,2.65
4.17,124.76,57.59,2.55
3.59,125.05,53.04,2.51
3.87,130.6,66.38,2.54
4.22,147.6,64.38,2.88
3.77,123.92,60.72,2.84
4.01,114.91,54.75,2.26
4.7,119.74,57.8,2.72
3.91,102.31,57.36,2.48
4.62,113.05,59.32,2.5
3.64,115.91,63.8,2.06
4.46,114.76,61.52,2.37
4.92,121.52,53.69,2.24
2.96,111.78,63.51,2.57
3.8,131.21,59.25,2.61
4.49,120.0,60.75,1.99
4.1,119.91,63.87,2.4
8.46,176.56,80.3,4.02
3.9,121.55,57.86,2.36
7.91,185.79,78.08,4.1
4.12,111.33,51.73,2.47
4.78,113.42,59.39,2.47
4.33,116.96,68.05,2.35
4.37,106.54,50.64,2.16
7.91,176.86,75.57,3.75
3.96,115.24,60.56,2.54
3.98,128.74,58.49,2.4
4.4,122.63,57.55,2.37
3.99,121.94,52.8,2.32
4.34,128.51,58.93,2.34
5.24,118.63,54.97,2.61
4.64,123.9,49.24,2.33
8.21,189.45,88.01,3.66
4.8,122.65,61.83,2.55
4.0,114.17,58.21,2.36
3.18,95.61,58.92,2.41
3.7,118.66,62.3,2.72
3.26,134.23,58.9,2.4
4.02,129.26,61.62,2.46
4.21,129.65,56.81,2.16
5.04,132.36,63.25,2.36
4.36,120.89,59.28,2.52
8.56,181.83,94.65,4.07
4.61,113.82,52.92,2.44
3.09,116.84,59.15,2.42
4.32,126.16,54.67,2.41
4.59,132.04,55.45,2.61
3.46,118.61,54.74,2.47
4.77,115.5,53.74,2.7
4.37,120.01,66.5,2.2
3.99,126.01,63.33,2.43
4.52,105.56,65.68,2.42
5.34,97.04,53.11,2.19
4.29,114.49,58.29,2.59
4.32,107.79,52.83,2.86
3.97,114.92,55.22,2.4
3.78,118.52,54.33,2.5
4.62,115.47,62.96,2.42
3.77,134.52,56.42,2.26
4.24,123.27,62.27,2.04
3.96,123.0,60.42,2.26
4.44,126.22,67.21,2.12
4.37,108.61,52.08,2.74
4.72,130.39,63.04,2.38
3.94,119.24,62.59,2.33
4.07,126.7,54.11,2.58
3.71,109.28,62.03,2.18
3.98,104.46,59.34,2.25
4.39,128.18,57.09,2.41
4.58,123.76,54.7,2.61
3.74,110.98,55.12,2.5
4.63,111.3,66.2,2.45
4.88,131.25,58.0,2.42
4.41,108.11,61.13,2.48
5.14,136.43,54.84,2.44
3.81,110.99,54.88,2.19
7.96,182.18,81.66,3.68
3.31,116.71,52.6,2.19
8.14,164.34,87.4,3.63
4.53,114.56,58.14,2.3
4.17,118.37,58.45,2.91
4.34,120.41,57.28,2.39
3.64,109.98,59.58,2.12
5.42,127.41,60.77,2.37
4.26,114.87,60.94,2.5
4.25,117.71,54.06,2.73
4.56,110.06,56.86,2.28
4.44,94.38,62.78,2.08
4.31,118.09,61.58,2.56
3.8,144.13,52.51,2.12
4.44,127.85,59.41,2.31
5.14,119.81,50.09,2.35
4.87,117.37,58.19,2.39
5.0,120.22,65.59,2.54
3.94,125.47,54.21,2.26
3.71,108.19,54.66,2.35
4.14,131.14,61.06,2.4
4.23,127.15,51.83,2.43
4.75,127.18,55.47,2.42
3.35,124.38,60.39,2.49
4.96,120.2,55.46,2.57
4.12,126.73,57.06,2.48
3.99,125.92,60.98,2.49
3.69,116.46,59.69,2.08
3.37,114.26,59.07,2.41
4.61,121.02,56.64,2.5
4.24,135.49,59.48,2.55
3.56,107.61,57.51,2.26
3.55,105.32,59.83,2.27
4.03,121.65,56.01,2.29
5.03,120.51,57.27,2.51
4.07,121.73,54.04,2.61
3.45,122.44,57.86,2.32
4.08,117.77,54.76,2.58
4.06,134.9,53.54,2.42
2.85,103.99,59.03,2.38
4.17,111.72,58.85,2.36
4.08,118.97,61.13,2.55
4.55,103.57,56.28,2.47
5.12,118.24,59.63,2.86
4.76,136.61,60.2,2.23
4.07,120.21,59.78,2.5
3.65,122.31,54.7,2.29
8.35,159.39,85.86,4.09
4.23,113.84,59.46,2.4
4.21,116.25,58.03,2.43
4.19,116.82,49.65,2.98
4.3,132.82,58.64,2.36
4.13,125.58,66.85,2.17
3.91,108.89,56.56,2.45
3.93,122.47,55.09,1.99
4.18,124.98,59.49,2.38
8.21,174.59,85.07,3.45
3.84,135.81,62.77,2.56
4.25,109.85,52.97,2.59
4.07,111.89,60.93,2.3
4.95,107.42,60.36,2.37
2.87,117.66,57.43,2.25
4.75,124.66,59.35,2.17
4.82,129.87,62.12,2.46
3.16,119.24,61.49,2.15
4.03,116.8,53.43,2.32
4.01,121.52,61.28,2.2
3.5,111.65,57.74,2.51
3.81,140.9,58.29,2.76
3.64,103.92,58.29,2.14
8.21,174.96,92.08,4.11
4.67,140.24,62.77,2.38
4.84,120.07,57.67,2.4
4.56,118.1,53.52,2.44
3.64,116.43,56.43,2.31
3.94,118.2,58.71,2.36
4.44,133.73,62.92,2.47
3.59,97.88,60.41,2.61
4.56,135.33,54.6,2.01
4.08,105.76,67.94,2.33
8.51,166.4,89.24,3.65
4.56,115.71,63.1,2.22
4.42,125.89,57.39,2.75
4.02,104.02,60.13,2.27
4.78,124.62,61.36,2.39
3.66,140.24,62.87,2.51
8.52,177.57,87.39,3.71
4.5,121.9,61.49,2.03
4.05,113.38,56.74,2.31
4.36,124.26,55.71,2.61
3.57,120.19,59.33,2.33
7.85,167.02,86.94,3.89
4.11,124.88,57.11,2.59
3.94,138.04,62.26,2.33
4.72,118.09,63.81,2.3
3.85,127.2,54.33,2.43
3.5,107.07,54.65,2.55
3.42,110.44,57.44,2.88
4.5,124.72,59.23,2.57
3.56,134.84,55.9,2.63
5.08,123.56,63.41,2.3
3.16,116.87,59.7,2.19
5.05,119.99,58.16,2.41
4.31,107.5,52.26,2.42
4.15,126.05,52.74,2.18
3.93,128.82,59.12,2.36
4.4,115.48,49.47,2.48
4.18,115.3,62.05,2.47
4.75,122.66,57.37,2.5
4.26,115.63,70.97,2.46
4.28,119.34,67.23,2.3
8.05,180.72,97.36,3.44
4.17,117.53,57.57,2.16
4.35,116.42,61.98,2.76
3.34,113.52,64.81,2.4
3.53,127.44,51.45,2.36
4.57,118.19,50.85,2.21
4.29,113.51,55.51,2.99
4.11,133.21,60.33,2.19
4.21,134.2,59.99,2.31
4.37,114.0,62.28,2.48
3.93,101.33,53.2,2.52
3.81,130.08,48.74,2.59
4.3,113.15,61.43,2.76
3.71,127.91,54.69,2.5
4.4,100.3,49.93,2.19
3.35,128.93,58.58,2.35
8.57,160.97,76.82,3.58
4.44,127.31,57.51,2.81
4.33,120.14,56.17,2.12
4.69,110.46,57.36,2.64
5.03,115.93,56.52,2.44
4.71,126.86,52.61,2.57
3.28,121.06,55.14,2.38
3.56,125.84,60.09,2.23
3.89,139.76,59.29,2.55
4.21,104.36,58.67,2.53
4.46,136.17,54.02,2.59
3.84,121.04,57.27,2.4
4.29,111.01,49.29,2.28
3.82,106.7,58.71,2.09
3.89,118.11,63.72,2.56
3.5,129.22,52.1,2.48
3.74,118.72,55.66,2.21
3.52,135.11,59.32,2.29
3.71,105.49,63.01,2.31
4.73,119.88,56.21,2.1
8.32,172.06,85.2,3.44
5.52,123.64,50.12,2.17
4.45,128.87,58.41,2.32
4.29,115.79,66.17,2.25
3.77,93.96,59.11,2.07
4.55,121.99,57.91,2.8
3.91,124.37,59.29,2.65
4.26,124.04,57.96,2.24
5.48,132.36,54.75,2.45
4.15,109.29,61.29,2.48
8.6,171.56,89.39,3.72
3.85,131.93,58.07,2.24
4.18,102.21,54.1,2.62
5.09,123.2,63.21,2.29
3.89,114.96,60.66,2.13
8.6,172.62,92.23,3.84
4.55,123.48,62.01,2.66
3.92,115.13,56.01,2.92
4.52,113.24,54.87,2.16
4.69,120.34,54.96,2.54
4.51,109.13,50.92,2.32
3.41,109.14,59.89,2.56
3.84,126.79,50.68,2.11
4.08,108.51,53.09,2.15
4.16,126.66,49.7,2.24
4.51,124.63,57.66,2.42
4.29,102.74,57.4,2.27
3.53,113.22,56.69,2.53
4.39,131.94,53.83,2.61
4.51,110.19,53.31,2.52
4.48,115.36,59.86,2.72
8.42,196.34,79.11,2.99
4.62,127.83,59.27,2.16
4.43,117.48,54.46,2.67
4.16,114.02,58.72,2.28
3.37,134.22,63.21,2.58
4.41,137.39,60.34,2.71
4.3,129.79,56.35,2.49
4.34,120.85,59.03,2.1
3.56,111.92,57.04,2.22
3.66,111.7,58.03,2.66
4.73,125.23,56.7,2.37
4.18,124.18,57.34,2.42
4.54,134.02,58.85,2.55
4.21,126.5,54.03,2.54
4.21,104.97,53.94,2.46
4.67,130.52,52.45,2.36
3.94,110.02,51.6,2.34
8.67,183.02,91.3,3.89
3.97,122.5,58.64,2.51
3.98,139.96,54.43,2.35
4.05,151.1,60.05,2.62
4.31,126.07,58.14,2.37
3.96,118.17,50.13,2.23
4.83,125.35,60.62,2.25
3.75,128.88,61.24,2.2
4.11,116.79,54.02,2.35
3.98,137.95,59.68,2.65
4.92,122.3,54.57,2.24
4.3,124.98,58.39,2.44
4.72,126.66,52.94,2.27
3.46,124.22,50.83,2.35
4.33,128.39,56.47,2.1
4.64,113.83,57.51,2.36
4.24,114.42,56.41,2.36
4.73,109.0,53.26,2.51
3.94,124.4,56.4,2.44
4.9,127.79,59.08,2.16
5.35,124.58,57.82,2.62
4.02,136.74,58.73,2.44
3.98,119.94,55.32,2.44
4.93,126.69,62.69,2.4
7.97,181.28,92.53,3.91
3.94,116.13,59.95,2.44
3.99,126.96,62.73,2.5
4.06,128.49,59.92,2.05
3.53,117.06,57.19,2.29
3.74,119.28,55.89,2.35
3.7,104.82,62.14,2.45
3.82,116.43,52.31,2.64
4.18,128.9,54.12,2.25
4.32,125.75,56.41,2.3
4.98,125.01,62.95,2.3
3.7,120.5,59.52,2.24
4.69,120.07,54.13,2.33
4.09,113.4,56.76,2.55
4.18,126.99,55.54,2.19
4.54,124.21,55.16,2.49
3.64,124.92,61.92,2.06
4.39,114.74,52.51,2.29
4.28,98.47,64.44,2.33
4.45,130.97,61.31,2.73
4.34,115.21,62.36,2.35
5.43,111.37,56.15,1.96
3.88,126.93,57.4,2.0
3.93,116.08,52.27,2.41
3.89,130.6,55.9,2.52
3.92,126.17,59.97,2.48
3.88,126.84,63.18,2.43
4.79,106.34,53.57,2.63
4.91,132.12,56.54,2.29
3.91,122.61,57.39,2.58
3.78,116.31,52.42,2.07
4.44,121.43,60.37,2.22
3.92,102.24,55.1,2.04
4.52,124.09,57.22,2.35
4.3,109.71,56.19,2.39
3.44,106.47,54.84,2.42
4.97,104.78,57.97,2.41
5.1,131.13,57.14,2.21
3.89,113.71,56.51,2.36
4.01,135.34,55.09,2.1
4.34,114.64,59.28,2.67
4.37,102.93,64.61,2.34
4.53,108.83,58.56,2.3
5.21,132.36,61.98,2.72
4.11,118.44,52.44,2.15
7.66,170.56,94.22,3.85
3.51,121.6,53.61,2.18
3.83,125.02,52.09,2.39
4.18,131.17,55.04,2.49
5.1,134.48,62.77,2.55
3.94,116.4,61.8,2.91
4.31,106.74,58.97,1.95
4.19,115.87,51.87,2.52
4.79,122.6,57.21,2.29
5.46,110.36,59.21,2.28
3.93,110.43,58.7,2.28
3.96,123.44,50.62,2.22
4.72,119.51,54.44,2.74
4.54,120.33,57.74,2.57
5.12,112.42,60.15,2.4
4.49,117.7,49.22,2.67
4.02,110.76,57.35,2.1
4.5,128.9,58.57,2.13
4.75,130.35,61.4,1.96
4.61,101.54,60.77,2.26
4.45,110.7,60.33,2.43
4.73,105.03,54.8,2.42
8.9,179.3,89.6,3.57
4.89,119.17,56.43,2.12
4.52,105.5,62.01,2.56
4.12,110.78,63.57,2.45
4.27,109.96,60.84,2.55
4.8,122.07,59.72,2.02
3.79,120.69,59.52,2.46
4.38,112.78,55.78,2.16
4.0,121.77,57.48,2.32
4.21,114.53,64.68,2.51
4.84,117.28,54.23,2.42
4.3,136.73,64.46,2.23
4.22,133.4,56.71,2.4
3.52,107.0,63.3,2.09
4.57,128.3,52.37,2.63
4.52,128.11,60.34,2.36
5.28,108.52,55.05,2.62
4.05,128.19,52.34,2.29
4.31,135.38,58.87,2.3
4.32,108.77,62.04,2.25
4.99,110.82,54.62,2.58
4.15,130.18,52.0,2.26
4.34,122.71,57.63,2.53
8.67,170.78,76.77,2.9
4.29,123.41,60.19,2.0
3.98,123.91,61.8,2.29
4.3,106.74,57.76,2.16
4.74,130.47,65.42,2.41
3.69,131.7,58.9,2.16
4.27,117.71,56.61,2.59
3.85,119.57,51.55,2.38
4.8,104.69,56.95,2.36
3.44,125.14,56.65,2.53
3.92,125.72,61.84,2.59
4.39,119.38,59.85,2.4
4.98,131.24,53.28,2.25
4.17,116.66,58.69,2.05
3.92,125.65,60.69,2.26
5.14,109.8,64.11,2.28
8.25,181.15,79.38,3.88
3.1,118.26,61.04,2.33
4.42,122.25,58.24,2.54
3.95,116.3,59.55,2.28
3.69,118.69,63.0,2.39
8.03,185.48,83.38,3.64
4.32,115.63,56.6,2.47
3.92,103.93,54.91,2.39
3.56,137.5,59.52,2.28
4.64,133.81,62.92,2.27
4.53,107.08,55.61,2.23
4.15,126.9,48.44,2.29
5.12,114.97,56.35,2.55
3.66,122.63,61.65,2.36
3.44,122.94,60.15,2.13
3.85,117.66,59.71,2.75
4.18,112.16,56.88,2.46
4.32,113.09,52.88,2.12
4.08,110.84,60.06,2.31
4.38,111.68,54.66,2.42
3.57,119.33,66.74,2.74
9.04,163.78,88.59,3.5
4.16,126.82,55.68,2.6
4.76,134.87,55.55,2.68
4.37,114.2,57.63,2.27
4.43,122.39,57.04,2.34
4.48,125.0,62.47,2.19
4.42,124.72,58.75,2.36
4.52,120.76,55.07,2.39
4.86,127.43,65.56,2.53
4.3,124.82,58.2,2.62
4.55,107.62,61.08,2.25
4.16,128.69,55.57,2.01
4.92,128.87,59.45,2.4
8.16,169.63,96.72,3.73
5.1,120.38,50.44,2.45
4.18,126.83,66.06,2.33
3.48,117.91,63.16,2.42
4.26,130.73,56.41,2.7
3.86,143.64,53.59,2.48
4.62,112.14,59.39,2.33
3.87,106.19,58.35,2.3
3.98,123.04,59.42,2.37
3.26,127.22,58.77,2.73
3.97,117.69,60.02,2.36
2.99,134.53,63.79,2.4
8.31,187.48,86.95,3.76
4.58,126.93,53.8,2.62
4.59,113.94,63.45,2.79
4.41,137.19,64.56,2.49
3.72,139.93,70.61,2.42
4.18,112.33,53.51,2.41
4.2,114.5,58.97,1.92
3.62,128.6,49.67,2.55
4.95,116.13,60.21,2.43
4.64,119.55,55.81,2.49
4.09,120.25,65.69,2.26
4.21,100.8,54.9,2.32
4.3,119.86,51.24,2.32
3.18,113.1,56.11,2.6
8.51,160.78,89.8,3.92
3.86,134.44,61.0,2.82
3.7,107.43,49.74,2.49
4.06,128.13,58.11,2.14
5.1,117.21,49.69,2.37
4.52,117.2,56.72,2.27
3.91,127.9,64.57,1.96
4.49,123.4,59.44,2.72
4.9,125.71,54.55,2.54
4.66,129.68,57.88,2.51
4.23,116.69,58.07,2.43
3.88,113.88,59.89,2.12
4.55,109.15,52.53,2.3
4.4,111.75,60.37,2.57
4.65,149.49,47.18,2.19
4.52,132.45,55.48,1.89
4.72,106.49,56.05,2.35
3.93,106.78,60.53,2.37
4.86,124.82,58.09,2.43
4.3,125.47,52.38,2.55
5.24,125.49,54.06,2.53
3.86,117.45,58.79,2.45
5.07,118.75,57.68,2.64
4.3,123.28,55.68,2.1
3.87,120.86,56.08,2.5
3.96,97.81,60.78,2.53
4.04,117.7,55.93,2.15
4.41,111.49,57.65,2.1
4.46,121.75,66.68,2.25
3.91,149.85,52.31,2.27
4.19,123.67,50.59,2.55
5.27,116.86,61.13,2.28
5.06,129.22,55.29,2.23
4.42,124.83,56.73,2.28
4.22,124.2,54.88,2.62
4.26,126.07,56.96,2.4
4.51,140.57,64.39,2.36
3.69,108.69,61.21,2.38
4.07,124.74,61.45,2.66
7.69,178.19,89.39,3.48
4.4,125.56,53.4,2.66
4.52,110.81,46.64,2.44
3.96,115.83,54.76,2.37
4.99,117.05,61.83,2.9
3.59,129.76,60.07,2.19
3.47,129.18,57.11,2.33
4.31,107.54,57.91,2.15
4.72,120.55,55.24,2.59
5.04,112.9,58.82,2.74
3.97,107.41,61.06,2.73
4.74,117.83,51.54,2.64
8.66,183.67,97.29,3.19
4.11,144.27,61.73,2.33
4.64,124.33,56.34,2.07
4.53,106.22,60.8,2.81
3.41,114.35,69.26,2.49
4.94,130.21,57.58,2.3
4.89,140.88,59.57,2.67
3.89,104.14,55.05,2.21
4.4,101.2,58.73,2.48
4.45,138.71,59.84,2.37
4.33,123.9,58.78,2.53
3.92,111.32,53.92,2.39
3.86,125.35,58.83,2.11
4.19,93.64,63.85,2.42
4.79,120.03,59.79,2.61
4.47,123.28,61.85,2.39
4.01,129.24,57.05,2.56
8.36,172.78,84.84,3.88
2.78,120.86,59.12,2.39
4.77,110.75,54.2,2.28
3.33,122.55,59.27,2.55
4.02,111.05,54.03,2.41
3.64,115.92,55.47,2.54
3.55,110.04,58.76,2.62
4.78,126.51,59.19,2.54
3.97,128.58,53.24,2.45
4.37,117.65,62.22,2.2
4.18,120.38,60.29,2.4
4.44,105.51,55.18,2.29
4.24,117.0,51.85,2.33
3.56,119.5,57.42,2.33
4.7,146.21,56.22,2.2
3.95,108.88,58.45,2.01
3.42,134.64,56.55,2.27
3.99,129.97,49.97,2.44
9.27,171.32,90.24,3.13
4.63,137.59,56.78,2.4
4.03,123.72,60.53,2.78
4.03,123.89,55.21,2.6
4.04,119.47,64.71,2.73
5.24,132.24,50.35,2.48
4.39,130.96,63.24,2.63
4.42,113.74,57.1,2.26
4.72,106.81,61.44,2.27
4.32,117.97,58.32,1.85
4.07,112.0,62.56,2.64
4.1,119.36,56.45,2.71
4.16,132.37,53.61,2.29
4.18,115.43,63.68,2.35
4.56,119.57,57.55,2.25
4.23,120.58,58.89,2.48
4.57,128.48,62.94,2.62
4.16,97.53,53.87,2.05
4.24,113.93,60.38,2.48
3.2,122.11,55.64,2.34
4.66,132.0,57.47,2.42
4.37,115.08,58.29,2.49
4.7,101.23,52.0,2.36
2.75,126.2,54.88,2.38
5.24,113.65,63.4,2.36
4.13,108.1,61.54,2.59
4.75,113.76,57.75,2.48
3.68,118.15,58.97,2.44
4.51,113.95,56.82,2.15
3.67,97.94,63.43,2.32
3.89,128.97,57.2,2.58
5.16,132.75,58.93,2.41
4.1,126.52,62.58,2.53
4.31,108.62,54.89,2.75
4.64,117.99,64.24,2.61
4.45,119.93,51.88,2.42
4.28,125.99,64.52,2.3
4.38,126.68,56.51,1.89
5.4,112.66,57.03,2.37
4.17,120.82,50.44,2.33
4.3,124.57,56.18,2.48
4.73,134.56,53.84,2.37
4.75,127.05,55.57,2.34
4.79,127.89,57.45,2.04
4.52,120.84,61.83,2.21
3.63,134.1,58.83,2.5
5.02,124.1,59.23,2.74
8.38,176.98,93.12,3.47
4.35,134.03,54.48,2.47
3.82,126.98,65.19,2.59
4.17,115.57,55.06,2.24
4.36,115.21,64.62,2.47
4.36,122.97,57.03,2.25
4.41,124.63,58.01,2.57
5.01,121.97,62.28,2.43
4.43,123.11,63.09,2.46
4.08,137.0,57.56,2.24
4.68,130.72,56.45,2.54
4.79,121.91,57.78,2.82
3.59,129.41,59.35,2.2
4.5,109.67,61.57,2.33
4.55,123.98,58.02,2.45
4.05,138.09,60.48,2.56
4.89,117.82,64.55,2.29
4.12,111.52,59.53,1.83
4.26,113.48,59.25,2.67
4.11,109.1,51.92,2.55
4.21,112.15,47.48,2.05
3.65,116.29,59.55,2.28
3.48,105.94,57.62,2.71
5.0,120.16,55.94,2.69
3.78,129.02,58.97,2.59
3.7,110.92,57.76,2.36
3.12,135.19,62.51,2.42
3.88,125.11,58.34,2.37
3.54,130.31,55.01,2.63
5.02,113.42,61.96,2.22
4.7,128.55,57.13,2.24
3.86,109.08,60.11,2.6
5.33,128.9,56.09,2.39
4.69,121.72,55.4,2.68
4.04,125.53,58.34,2.27
2.95,108.24,58.05,2.39
5.35,111.05,59.92,2.22
3.51,125.97,56.93,2.4
3.38,110.52,50.65,2.1
4.71,124.63,56.27,2.3
5.42,106.33,61.18,2.11
4.89,128.48,56.81,2.54
4.48,107.67,57.01,2.54
4.5,125.52,61.95,2.05
4.63,126.26,55.15,2.67
4.58,113.03,51.83,2.9
4.34,125.82,57.36,2.41
4.25,122.6,56.06,2.27
4.17,114.61,54.14,2.96
3.82,109.91,57.3,2.14
4.06,100.37,59.97,2.4
3.35,123.5,57.96,2.44
4.15,104.35,59.23,2.67
3.71,120.95,65.25,2.47
3.65,117.37,56.63,2.3
4.29,126.79,59.11,2.21
4.9,116.98,55.96,2.33
4.66,116.71,54.61,2.2
3.41,127.32,55.66,2.41
3.71,123.35,56.08,2.29
4.67,123.16,59.44,2.1
3.71,124.69,67.4,2.65
4.09,104.64,55.14,2.3
4.48,127.57,56.33,2.15
3.72,126.12,57.75,2.37
4.25,109.83,59.58,2.41
3.53,117.56,59.05,2.05
3.9,119.61,63.14,2.47
4.36,118.66,48.29,2.19
3.4,123.34,48.45,2.74
4.42,134.31,56.02,2.5
4.19,130.82,62.39,2.32
4.48,106.88,51.74,2.25
4.31,126.22,45.97,2.38
4.88,133.29,60.28,2.52
8.77,160.29,75.25,4.51
3.99,130.91,53.64,2.36
4.26,140.12,54.06,2.41
4.47,130.24,54.12,2.28
4.22,122.49,58.44,2.33
4.22,130.45,55.49,1.98
3.85,121.45,59.98,2.59
3.87,120.24,46.58,2.46
8.91,171.57,87.43,3.56
5.07,135.63,53.5,2.78
3.58,111.82,56.97,2.42
3.85,135.32,55.85,2.19
3.84,125.0,61.19,2.57
8.48,184.31,77.37,3.69
4.05,123.68,58.18,2.48
4.82,99.0,60.23,2.31
9.91,170.37,82.52,4.23
4.34,128.85,56.07,2.35
3.78,114.08,59.3,2.51
5.27,121.24,50.78,2.02
3.61,139.54,48.43,2.31
4.35,114.94,61.38,2.74
4.52,109.41,57.98,2.25
4.41,134.82,62.71,2.28
4.11,139.63,52.51,2.31
4.14,120.04,60.08,2.16
4.22,130.11,65.48,1.96
4.13,133.41,59.68,2.35
4.68,112.58,59.11,2.43
5.31,115.15,58.03,2.39
3.92,132.31,51.72,2.37
3.52,136.85,63.42,2.41
4.16,125.63,55.56,2.6
5.49,111.2,60.02,2.36
3.8,139.87,51.75,2.29
8.25,174.92,93.08,3.5
5.04,116.65,63.74,2.52
3.92,123.42,56.61,2.68
4.48,135.54,63.81,2.27
5.01,128.54,57.69,2.42
4.01,124.15,50.63,2.47
4.1,124.63,61.57,2.2
3.91,120.44,55.64,2.4
3.69,125.58,60.79,2.11
3.88,94.7,58.1,2.05
9.18,168.74,89.66,3.8
4.22,122.41,58.66,2.32
3.82,108.49,66.78,2.44
4.32,123.86,59.97,2.4
3.42,117.96,57.77,2.2
8.23,191.73,80.73,3.52
4.62,135.73,58.84,2.15
3.2,115.34,58.84,2.68
4.39,118.49,53.63,2.13
4.81,119.26,58.94,2.36
3.6,115.48,62.14,2.19
5.04,121.95,54.66,2.51
4.41,112.42,63.7,2.33
3.85,108.69,57.63,2.3
7.96,180.62,91.82,3.28
8.29,182.68,92.74,4.06
4.24,111.96,56.85,2.5
4.47,128.95,61.04,2.2
3.74,113.68,56.83,2.12
4.28,122.53,57.76,2.42
3.49,128.2,59.97,2.34
4.14,119.66,59.16,2.53
3.75,124.55,50.02,2.38
3.83,114.84,53.52,2.44
4.82,118.04,61.72,2.08
4.75,117.94,57.47,2.78
4.5,112.53,55.91,2.37
3.65,118.23,52.57,2.54
4.04,104.51,53.68,2.23
4.81,115.09,49.91,2.46
4.27,117.15,57.59,2.14
5.36,117.44,55.61,2.49
4.4,117.59,54.13,2.33
4.3,119.38,57.73,2.41
4.05,124.79,59.46,2.54
4.27,128.75,66.37,2.15
4.12,113.5,51.95,2.26
4.55,107.97,62.64,2.49
4.68,109.58,61.89,2.82
3.81,115.13,54.88,2.37
3.53,116.48,58.81,2.52
3.28,112.3,56.17,2.38
4.45,107.04,58.74,2.79
3.65,115.44,64.04,2.05
3.12,121.81,60.42,2.42
4.39,125.95,60.03,2.07
5.45,114.43,56.28,1.9
4.2,115.87,52.06,2.46
4.62,110.73,57.17,2.43
4.24,119.69,62.83,2.34
4.15,111.52,51.89,2.38
4.66,125.73,53.78,3.02
4.05,102.14,58.51,2.35
4.33,116.4,54.06,2.5
4.36,123.01,54.83,2.27
3.87,121.84,56.31,2.46
4.7,146.93,52.54,2.35
4.11,123.5,54.1,2.32
3.82,109.96,60.81,2.76
4.47,119.05,52.77,2.64
3.75,102.24,51.61,2.43
4.21,119.19,55.48,1.94
4.2,111.67,60.93,2.33
4.74,129.15,57.21,2.94
4.44,114.5,56.14,2.35
4.19,118.83,58.18,2.62
4.61,113.64,51.02,2.69
4.9,137.39,59.98,2.44
4.48,116.79,59.53,2.23
4.21,138.33,56.36,1.91
3.54,128.14,62.02,2.54
3.67,124.82,53.49,2.24
4.05,123.69,62.51,2.44
3.9,123.94,58.62,2.15
4.11,100.72,56.65,2.35
4.23,117.21,57.92,2.41
4.46,128.45,57.57,2.45
4.16,119.51,62.88,2.18
8.14,164.97,89.12,3.58
4.23,119.48,54.95,2.28
3.21,137.04,62.15,2.07
3.73,132.47,55.62,2.38
4.13,119.38,61.6,2.41
3.6,129.51,64.8,2.43
4.5,116.33,56.39,2.67
4.97,102.96,60.73,2.35
4.81,110.76,53.39,2.38
4.09,135.63,61.02,2.18
4.95,117.26,58.8,2.56
4.27,117.57,59.89,2.44
4.03,117.0,55.42,2.32
3.89,139.04,51.36,2.02
4.05,136.26,60.01,2.69
4.01,142.19,49.75,2.15
4.29,118.41,56.73,2.28
4.28,122.96,61.76,2.47
4.2,104.83,58.77,2.16
4.42,134.77,65.79,2.1
4.8,108.32,62.1,1.98
4.67,122.17,55.38,2.54
3.46,109.03,58.11,2.29
2.92,114.11,57.81,2.99
4.67,111.63,51.67,2.2
3.52,113.92,54.24,2.22
4.09,114.61,55.76,2.29
3.61,114.52,49.86,2.45
3.3,128.33,58.19,2.31
4.47,108.95,57.0,2.52
4.58,122.21,51.31,2.2
3.91,132.18,59.62,2.12
2.9,114.87,60.86,2.04
3.93,112.82,58.91,1.96
4.4,117.69,56.7,2.3
3.46,131.8,60.37,2.34
4.29,121.94,60.72,2.27
4.19,114.69,59.23,2.65
4.49,124.84,54.7,2.65
4.26,108.98,59.11,2.33
3.71,126.81,62.78,2.04
4.8,124.09,55.61,2.29
4.12,116.92,66.39,2.28
4.19,111.61,55.9,2.27
3.73,111.13,58.13,2.26
3.98,125.35,55.31,2.27
3.76,132.29,58.89,2.32
4.11,113.63,51.03,2.27
5.06,124.58,55.82,2.44
3.51,99.13,53.63,2.47
3.39,114.15,58.54,2.22
4.94,119.69,61.98,2.65
4.1,110.9,60.58,2.2
3.87,110.63,48.51,2.08
4.72,113.32,66.17,2.48
3.9,122.92,59.18,2.24
5.11,118.13,54.89,2.46
8.22,181.61,89.79,3.91
3.96,98.79,58.7,2.68
5.28,113.93,55.33,2.53
3.9,124.58,58.79,2.1
4.57,92.52,55.57,2.1
4.35,115.0,56.38,2.73
4.85,114.74,55.25,2.25
4.98,133.88,52.27,2.23
4.22,116.15,58.58,1.95
3.82,123.83,60.34,2.33
4.43,121.41,60.06,2.35
3.86,98.69,61.28,2.54
5.21,127.68,59.3,2.12
4.27,122.15,55.87,2.1
4.02,125.08,61.36,2.49
4.29,159.26,52.57,2.6
3.53,99.16,54.4,2.09
3.71,137.25,54.14,2.62
4.8,117.13,62.32,2.41
3.87,122.87,61.77,2.62
3.68,119.54,59.95,2.39
4.47,115.76,62.29,1.9
4.79,114.3,54.48,2.37
4.56,123.3,59.39,2.61
4.7,104.83,57.5,2.22
3.82,127.51,61.39,2.32
3.49,115.84,57.54,2.36
4.95,108.7,56.46,1.82
8.94,182.72,84.79,4.2
4.07,132.57,61.5,2.22
4.86,114.65,55.33,2.5
4.48,123.58,57.76,2.38
4.43,112.69,53.77,2.65
5.28,127.58,48.01,2.48
3.88,126.86,58.8,2.35
8.17,178.84,86.75,3.07
4.23,118.24,59.05,2.56
4.33,126.69,50.2,2.03
4.96,120.98,56.6,2.53
4.45,132.96,49.13,2.18
4.47,112.81,63.48,2.65
4.74,127.45,53.66,2.43
4.02,118.05,63.02,2.53
3.78,119.36,61.78,2.42
3.68,120.92,54.4,2.05
3.22,122.52,53.47,2.23
5.23,118.84,59.4,2.53
3.65,122.15,54.62,2.43
4.09,135.78,58.41,2.64
4.06,129.85,56.07,2.48
4.35,128.69,50.88,2.21
4.61,115.44,49.08,2.24
4.63,111.11,58.91,2.42
3.91,129.55,55.75,1.94
4.12,128.76,55.79,2.73
4.34,134.73,60.78,2.49
4.08,113.96,62.69,2.65
5.0,117.7,56.91,2.08
4.45,103.61,56.64,2.65
4.57,116.08,60.0,2.85
4.53,129.97,52.57,2.14
4.79,115.34,58.89,2.55
4.29,126.4,60.21,2.4
3.55,118.09,60.72,2.09
4.4,123.24,50.25,2.5
3.87,108.52,54.95,2.57
3.94,120.85,54.49,2.28
4.49,90.09,58.4,2.63
4.82,118.13,59.92,2.07
4.21,103.7,63.99,2.1
4.35,132.06,56.02,2.43
5.05,127.77,56.01,2.41
4.32,124.67,62.6,2.26
5.5,135.21,59.19,2.56
4.48,110.51,63.07,2.51
3.32,137.47,59.15,2.57
4.58,129.32,53.37,2.38
4.39,117.63,52.67,2.52
4.84,131.36,51.79,2.31
4.54,108.94,60.65,2.81
4.13,111.75,62.75,2.24
3.59,113.91,65.4,2.82
4.1,114.71,61.37,2.41
3.77,109.43,62.65,2.12
3.91,132.23,55.68,2.67
4.49,117.41,53.37,2.43
5.03,123.53,61.4,2.57
4.4,114.3,59.67,2.64
3.6,101.79,58.43,2.47
4.42,122.7,59.55,2.28
4.8,100.88,59.29,2.6
3.9,119.31,63.14,2.4
4.13,106.32,63.18,2.54
4.21,139.87,60.18,1.97
3.81,129.11,61.38,2.49
4.52,121.06,60.06,2.27
4.14,132.64,56.16,2.73
4.41,111.54,61.03,2.52
3.76,125.43,52.42,2.45
3.98,122.0,62.22,2.5
4.56,122.64,53.22,2.2
4.01,132.72,59.14,2.72
8.0,174.38,87.76,3.59
4.0,122.89,60.21,2.48
4.31,103.45,57.86,2.72
4.67,110.4,51.62,2.29
3.49,118.77,59.68,2.24
3.32,120.93,55.69,2.41
3.44,108.7,61.52,2.49
4.83,144.12,58.01,2.32
3.92,135.16,59.58,2.51
5.48,126.02,54.17,2.46
3.92,120.72,55.64,2.2
4.29,117.88,56.17,2.5
4.97,110.48,61.43,2.57
5.2,120.77,64.71,2.43
5.23,122.58,54.78,2.63
4.8,107.58,62.31,2.16
4.71,123.34,49.32,2.49
4.5,118.45,53.22,2.17
